{"city_mean_train": {"29 Palms, CA": 12.560130359280784, "Acton, CA": 13.115517749152552, "Adelanto, CA": 12.478516102391259, "Agoura Hills, CA": 13.830711506879759, "Agua Dulce, CA": 13.297871499103886, "Aguanga, CA": 12.949941993176617, "Alhambra, CA": 13.539916855840483, "Aliso Viejo, CA": 13.723294779354074, "Alpine, CA": 13.511491693932262, "Alta Loma, CA": 13.523399788131933, "Altadena, CA": 13.706445804523836, "Anaheim Hills, CA": 13.644659217562113, "Anaheim, CA": 13.35127596213652, "Angelus Oaks, CA": 12.721085086806315, "Anza, CA": 12.6920636413096, "Apple Valley, CA": 12.772446828239488, "Arcadia, CA": 14.059390453463074, "Arleta, CA": 13.32267350980787, "Arroyo Grande, CA": 13.68789075628708, "Artesia, CA": 12.91404090321548, "Arvin, CA": 13.030882084691289, "Atascadero, CA": 13.380271567181365, "Avila Beach, CA": 13.813852607453367, "Azusa, CA": 13.460626890002105, "Bakersfield, CA": 12.842996910114637, "Baldwin Park, CA": 13.198906067540406, "Banning, CA": 12.601704616502989, "Barstow, CA": 12.246609313215789, "Bear Valley Springs, CA": 13.208542908506082, "Beaumont, CA": 12.762302851577653, "Bell Gardens, CA": 12.89919732583699, "Bell, CA": 12.873648139727594, "Bellflower, CA": 13.299009532704487, "Belltown, CA": 13.110596264950713, "Bermuda Dunes, CA": 13.359221044621803, "Beverly Hills, CA": 14.260855298228837, "Big Bear City, CA": 13.230604939496883, "Big Bear Lake, CA": 13.637988556563371, "Big Bear, CA": 13.38283293560852, "Big River, CA": 12.611207699176356, "Bloomington, CA": 12.951667792304283, "Blue Jay, CA": 13.655342979519684, "Blythe, CA": 12.302474940151003, "Bonita, CA": 13.593358969126536, "Bonsall, CA": 13.622532763875085, "Borrego Springs, CA": 12.70580918111538, "Boulevard, CA": 12.926406561848676, "Brawley, CA": 12.771176688261628, "Brea, CA": 13.485942630210706, "Buellton, CA": 13.527696476799726, "Buena Park, CA": 13.344490683484711, "Burbank, CA": 13.695143765459491, "Calabasas, CA": 14.050247809090216, "Calexico, CA": 12.89864856268812, "Caliente, CA": 13.184724769598501, "California City, CA": 12.393925531657551, "Calimesa, CA": 12.922756113181764, "Camarillo, CA": 13.556709571932899, "Cambria, CA": 13.620445655826275, "Campo, CA": 12.85578406219716, "Canoga Park, CA": 13.388082093193526, "Canyon Country, CA": 13.45234066603265, "Canyon Lake, CA": 13.490884826737451, "Cardiff by the Sea, CA": 13.913730567824597, "Cardiff, CA": 14.243835861815715, "Carlsbad, CA": 13.764422212242827, "Carpinteria, CA": 13.980913383253073, "Carson, CA": 13.165352331738875, "Castaic, CA": 13.289363095752046, "Cathedral City, CA": 12.982191030848107, "Cayucos, CA": 13.716737542730305, "Cedar Glen, CA": 12.923840821419045, "Cedarpines Park, CA": 13.151651614267612, "Cerritos, CA": 13.575313132921638, "Chatsworth, CA": 13.52348278746247, "Cherry Valley, CA": 13.064491246720126, "Chino Hills, CA": 13.581209013974417, "Chino, CA": 13.353918870786565, "Chula Vista, CA": 13.346409463522944, "Claremont, CA": 13.40088292401947, "Coachella, CA": 12.745450803819486, "Colton, CA": 13.017291870851075, "Commerce, CA": 13.132315688453556, "Compton, CA": 12.982920788330755, "Corona del Mar, CA": 14.403295000641702, "Corona, CA": 13.405182437797647, "Coronado, CA": 14.187533095069952, "Costa Mesa, CA": 13.767897726155082, "Coto de Caza, CA": 13.986613596117678, "Covina, CA": 13.26867798930444, "Crestline, CA": 12.604003397081676, "Creston, CA": 13.53794506903236, "Culver City, CA": 13.983000977129661, "Cuyama, CA": 13.840204146163925, "Cypress, CA": 13.546358282555083, "Dana Point, CA": 13.927769583540321, "Del Mar, CA": 14.235605269010025, "Delano, CA": 12.20357452783082, "Descanso, CA": 13.192039409110665, "Desert Hot Springs, CA": 12.601631298608547, "Diamond Bar, CA": 13.649894663355825, "Downey, CA": 13.41061485706533, "Duarte, CA": 13.432656868251, "Dulzura, CA": 13.70903942580019, "Eagle Rock, CA": 13.919341764692867, "East Los Angeles, CA": 13.123169935624105, "Echo Park, CA": 13.81451105863119, "El Cajon, CA": 13.303157323587296, "El Mirage, CA": 13.566922267533435, "El Monte, CA": 13.339503968828998, "El Segundo, CA": 14.455932366571334, "Encinitas, CA": 13.956524329913263, "Encino, CA": 13.717937693449135, "Escondido, CA": 13.344869314968525, "Fallbrook, CA": 13.4867076928296, "Fawnskin, CA": 13.297018466541894, "Fillmore, CA": 13.208627309976396, "Fontana, CA": 13.076636240043186, "Forest Falls, CA": 12.657490514406762, "Fountain Valley, CA": 13.787657333084146, "Frazier Park, CA": 12.843946810039643, "Fullerton, CA": 13.555192753798064, "Garden Grove, CA": 13.484452285616388, "Gardena, CA": 13.31070336601006, "Glendale, CA": 13.766060273322838, "Glendora, CA": 13.443200452796635, "Goleta, CA": 13.695762783222577, "Gorman, CA": 13.381725559647295, "Granada Hills, CA": 13.419052238608838, "Grand Terrace, CA": 13.053145051075166, "Green Valley Lake, CA": 12.335815298043354, "Green Valley, CA": 12.869992106966825, "Grover Beach, CA": 13.336485156980196, "Guadalupe, CA": 12.791080452981857, "Hacienda Heights, CA": 13.489509035413478, "Harbor City, CA": 13.537818982605495, "Hawaiian Gardens, CA": 12.75130259456002, "Hawthorne, CA": 13.570895310191425, "Helendale, CA": 12.751284198695865, "Hemet, CA": 12.6659372426694, "Hermosa Beach, CA": 14.22030944419592, "Hesperia, CA": 12.765707311552122, "Highland Park, CA": 13.587343540341363, "Highland, CA": 13.0687019652402, "Hollywood, CA": 13.384729180332174, "Homeland, CA": 13.584947404190196, "Huntington Beach, CA": 13.782151339716663, "Huntington Park, CA": 13.049203447847919, "Idyllwild, CA": 13.194674211532206, "Imperial Beach, CA": 13.419825504727182, "Imperial, CA": 12.52070453726105, "Indian Wells, CA": 13.845290474603422, "Indio, CA": 12.999659524108614, "Inglewood, CA": 13.44248675199858, "Inyokern, CA": 13.527829818844937, "Irvine, CA": 13.996444452165479, "Jacumba, CA": 13.018041579597535, "Jamul, CA": 13.301585468622006, "Joshua Tree, CA": 13.066856360649252, "Julian, CA": 12.957662046161085, "Juniper Hills, CA": 12.63426664462737, "Keene, CA": 12.886643575525625, "Kernville, CA": 13.498215394019432, "La Canada Flintridge, CA": 14.023169589023983, "La Conchita, CA": 13.451668563394815, "La Crescenta, CA": 13.52958791642638, "La Habra Heights, CA": 13.91410052971317, "La Habra, CA": 13.375829927225865, "La Jolla, CA": 14.22664246930148, "La Mesa, CA": 13.532621940302269, "La Mirada, CA": 13.28393652515956, "La Palma, CA": 13.561026171614799, "La Puente, CA": 13.178794141041434, "La Quinta, CA": 13.603348920309971, "La Verne, CA": 13.610485298418297, "Ladera Ranch, CA": 13.717522346028401, "Laguna Beach, CA": 14.146648948678946, "Laguna Hills, CA": 13.769754624636693, "Laguna Niguel, CA": 13.788246341457201, "Laguna Woods, CA": 12.619973076922873, "Lake Arrowhead, CA": 13.491370592812768, "Lake Balboa, CA": 13.531273605374773, "Lake Elizabeth, CA": 12.656859668695905, "Lake Elsinore, CA": 12.994004641581803, "Lake Forest, CA": 13.68600434742197, "Lake Hughes, CA": 12.5814120098074, "Lake Los Angeles, CA": 12.384816183472616, "Lake Sherwood, CA": 14.198998919733175, "Lakeside, CA": 13.07849534576169, "Lakeview Terrace, CA": 13.627976640389322, "Lakewood, CA": 13.332674409771517, "Lancaster, CA": 12.614729714958276, "Landers, CA": 12.348276122429132, "Lawndale, CA": 13.345508528717259, "Lebec, CA": 12.714865421623994, "Lemon Grove, CA": 13.208567494736453, "Leona Valley, CA": 12.897097458261294, "Littlerock, CA": 12.62336329435043, "Llano, CA": 12.765282962985351, "Loma Linda, CA": 13.244032543168261, "Lomita, CA": 13.610753937153632, "Lompoc, CA": 13.173204619968876, "Long Beach, CA": 13.378815464716364, "Los Alamitos, CA": 13.99530737198935, "Los Alamos, CA": 13.66849730938865, "Los Angeles, CA": 13.482840612195092, "Los Feliz, CA": 13.457407451830088, "Los Osos, CA": 13.74970132686244, "Lucerne Valley, CA": 12.730774705240949, "Lynwood, CA": 13.002359328763589, "Malibu, CA": 14.506155109559108, "Menifee, CA": 12.92960897088827, "Mentone, CA": 13.005598669222195,